ID,sequence,class
1.0,AIGKFLHSAKKFGKAFVGEIMNS,mod. active
2.0,FAKALAKLAKKLL,mod. active
3.0,FAKALKALLKALKAL,mod. active
4.0,FAKFLAKFLKKAL,mod. active
5.0,FAKIIAKIAKIAKKIL,inactive - exp
6.0,FAKKFAKKFKKFAKKFAKFAFAF,mod. active
7.0,FAKKLAKKLAKAAL,inactive - exp
8.0,FAKKLAKKLAKAL,inactive - exp
9.0,FAKKLAKKLAKLAL,inactive - exp
10.0,FAKKLAKKLAKLL,inactive - exp
11.0,FAKKLAKKLKKLAKKLAK,inactive - exp
12.0,FAKKLAKKLKKLAKKLAKKWKL,mod. active
13.0,FAKKLAKKLKKLAKKLAKLAKKL,inactive - exp
14.0,FAKKLAKKLKKLAKKLAKLALALKALALKAL,mod. active
15.0,FAKKLAKKLKKLAKKLIGAVLKV,mod. active
16.0,FAKKLAKKLKKLAKLALAK,inactive - exp
17.0,FAKKLAKKLKKLAKLALAL,inactive - exp
18.0,FAKKLAKKLL,inactive - exp
19.0,FAKKLAKLAKKALAL,inactive - exp
20.0,FAKKLAKLAKKL,inactive - exp
21.0,FAKKLAKLAKKLAKLAL,mod. active
22.0,FAKKLAKLAKKLAKLALAL,mod. active
23.0,FAKKLAKLAKKLLAL,mod. active
24.0,FAKKLAKLALKLAKL,mod. active
25.0,FAKKLKKLAKLAKKL,inactive - exp
26.0,FAKKLLAKALKL,inactive - exp
27.0,FAKLAKKALAKLL,inactive - exp
28.0,FAKLF,inactive - exp
29.0,FAKLFAKLAKKFAL,inactive - exp
30.0,FAKLLAKALKKAL,mod. active
31.0,FAKLLAKALKKFAL,mod. active
32.0,FAKLLAKALKKFL,mod. active
33.0,FAKLLAKALKKL,inactive - exp
34.0,FAKLLAKALKKLL,very active
35.0,FAKLLAKALKLKL,inactive - exp
36.0,FAKLLAKFLKKAL,mod. active
37.0,FAKLLAKLAKAKL,inactive - exp
38.0,FAKLLAKLAKKAA,inactive - exp
39.0,FAKLLAKLAKKAL,inactive - exp
40.0,FAKLLAKLAKKFAL,inactive - exp
41.0,FAKLLAKLAKKGL,inactive - exp
42.0,FAKLLAKLAKKIL,inactive - exp
43.0,FAKLLAKLAKKL,inactive - exp
44.0,FAKLLAKLAKKLL,very active
45.0,FAKLLAKLAKKSL,inactive - exp
46.0,FAKLLAKLAKKVL,mod. active
47.0,FAKLLAKLAKLKL,inactive - exp
48.0,FAKLLFKALKKAL,inactive - exp
49.0,FAKLLKLAAKKLL,inactive - exp
50.0,FAKLWAKLAFGKGIGKVGKKLL,mod. active
51.0,FAKLWAKLAKKL,inactive - exp
52.0,FALAAKALKKLAKKLKKLAKKAL,mod. active
53.0,FALAKLAKKAKAKLKKALKAL,mod. active
54.0,FALALKALKK,inactive - exp
55.0,FALALKALKKAL,inactive - exp
56.0,FALALKALKKALKKLKKALKKAL,inactive - exp
57.0,FALALKALKKL,mod. active
58.0,FALALKALKKLAKKLKKLAKKAL,mod. active
59.0,FALALKALKKLKKALKKAL,mod. active
60.0,FALALKALKKLLKKLKKLAKKAL,mod. active
61.0,FALALKKALKALKKAL,mod. active
62.0,FALALKLAKKAL,inactive - exp
63.0,FALKALKKLKKALKKAL,mod. active
64.0,FALLKALKKAL,inactive - exp
65.0,FALLKALLKKAL,inactive - exp
66.0,FAVGLRAIKRALKKLRRGVRKVAKDL,inactive - exp
67.0,FKLAFKLAKKAFL,inactive - exp
68.0,FKRLAKIKVLRLAKIKR,mod. active
69.0,FKVKFKVKVK,inactive - exp
70.0,FLGALFHALSKLL,mod. active
71.0,FLGALFKALSHLL,mod. active
72.0,FLGALFKALSKLL,mod. active
73.0,FLGMIPGLIGGLISAFK,very active
74.0,FLGMIPKLIKKLIKAFK,very active
75.0,FLGWLFKWAKK,mod. active
76.0,FLGWLFKWAWK,mod. active
77.0,FLKLLAGLLKNFA,mod. active
78.0,FLKLLKKLAAKFLPTIICKISYKC,very active
79.0,FLKLLKKLAAKLF,mod. active
80.0,FLKWLFKWAKK,mod. active
81.0,FLSLIPKLVKKIIKAFK,very active
82.0,FLSLIPSLVGGSISAFK,inactive - exp
83.0,FLWWLFKWAWK,mod. active
84.0,GIGAVLKVLTTGLPALISWIKRKRQQ,mod. active
85.0,GIGKFLHAAKKFAKAFVAEIMNS,mod. active
86.0,GIGKFLHSAKKFAKAFVAEIMNS,mod. active
87.0,GIGKFLHSAKKFGKAFVGEIMNS,mod. active
88.0,GIGKFLKKAKKFAKAFVKIINN,very active
89.0,GIGKFLKKAKKFGKAFVKILKK,inactive - exp
90.0,GLFAVIKKVAAVIKKL,mod. active
91.0,GLFAVIKKVAAVIRRL,mod. active
92.0,GLFAVIKKVAKVIKKL,very active
93.0,GLFAVIKKVASVIGGL,very active
94.0,GLFAVIKKVASVIKGL,mod. active
95.0,GLFAVIKKVASVIKKL,mod. active
96.0,GLFDIAKKVIGVIGSL,mod. active
97.0,GLFDIIKKIAESF,mod. active
98.0,GLFDIVKKIAGHIAGSI,mod. active
99.0,GLFDIVKKIAGHIASSI,mod. active
100.0,GLFDIVKKIAGHIVSSI,mod. active
101.0,GLFDIVKKVVGAFGSL,mod. active
102.0,GLFDVIAKVASVIKKL,mod. active
103.0,GLFDVIKAVASVIGGL,mod. active
104.0,GLFDVIKKVAAVIGGL,mod. active
105.0,GLFDVIKKVASVIGGL,mod. active
106.0,GLFDVIKKVASVIKGL,mod. active
107.0,GLFDVIKKVASVIKKL,mod. active
108.0,GLFKVIKKVAKVIKKL,mod. active
109.0,GLFKVIKKVASVIGGL,mod. active
110.0,ILPWKWPWWPWRR,inactive - exp
111.0,KKKFPWWWPFKKK,mod. active
112.0,KKKFPWWWPFKKKCKKKFPWWWPFKKKC,very active
113.0,KKKFPWWWPFKKKKKKFPWWWPFKKKK,very active
114.0,KKVVFKVKFK,inactive - exp
115.0,KLAKKLAKLAKLAKAL,mod. active
116.0,KLALKLALKALKAAKLA,inactive - exp
117.0,KTKLFKKFAKKLAKKLKKLAKKL,mod. active
118.0,KWKKFLKIGIGKFLHLAKKF,very active
119.0,KWKLAKKALALL,inactive - exp
120.0,KWKLFAKIGIGKFLHLAKKF,very active
121.0,KWKLFKKALKKLKKALKKAL,mod. active
122.0,KWKLFKKIGAVLKVL,mod. active
123.0,KWKLFKKIGIGAFLHLAKKF,very active
124.0,KWKLFKKIGIGAFLHSAKKF,mod. active
125.0,KWKLFKKIGIGAVLKVLKKG,very active
126.0,KWKLFKKIGIGAVLKVLTTG,mod. active
127.0,KWKLFKKIGIGKFKLAKKF,very active
128.0,KWKLFKKIGIGKFLHLAKKF,very active
129.0,KWKLFKKIGIGKFLHSAKKF,mod. active
130.0,KWKLFKKIGIGKFLHSATTF,mod. active
131.0,KWKLFKKIKFLHSAKKF,inactive - exp
132.0,KWKLFKKIPKFLHSAKKF,mod. active
133.0,KWKLFKKKTKLFKKFAKKLAKKL,mod. active
134.0,KWKSFAKTFKSAKKTVLHTALKAISS,mod. active
135.0,KWKSFLKTFKSAKKTVAHTAAKAISS,mod. active
136.0,KWKSFLKTFKSAKKTVAHTALKAISS,mod. active
137.0,KWKSFLKTFKSAKKTVLHTALKAISS,very active
138.0,KWKSFLKTFKSAKKTVLHTLLKAISS,very active
139.0,KWKSFLKTFKSLKKTVLHTALKAISS,very active
140.0,KWKSFLKTFKSLKKTVLHTLLKAISS,very active
141.0,KWKSFLKTFKSLKKTVLHTLLKLISS,very active
142.0,KYKKALKKLAKLL,inactive - exp
143.0,LGGIVSAVKKIVDFLG,mod. active
144.0,LPKWKVFKKIEKVGRNIRNGIVKAGPAIAVLGEAKALG,mod. active
145.0,MPKWKVFKKIEKVGRNIRNGIVKAGPAIAVLGEAKALG,inactive - exp
146.0,RAGLQFPVGRLLRRLLRRLLR,very active
147.0,VAKKLAKLAKKLAKLAL,very active
148.0,VAKLLAKLAKKLL,mod. active
149.0,VAKLLAKLAKKVL,inactive - exp
150.0,VALALKALKKALKKLKKALKKAL,inactive - exp
151.0,WALAL,inactive - exp
152.0,AADIFSKFKKDMEVKFA,inactive - virtual
153.0,AAQKDNVKSSWAKASA,inactive - virtual
154.0,AASQRKLIAEKFAQALMSSL,inactive - virtual
155.0,AAYATLYEALVLVATLAAP,inactive - virtual
156.0,AEAHESIRLVFHDS,inactive - virtual
157.0,AEGEREARVFTLWLNSL,inactive - virtual
158.0,AEGVATADPLMRLAKQLK,inactive - virtual
159.0,AEHAKVLMDSLTGVWDNFLT,inactive - virtual
160.0,AEHLAKAELTTVFSTLYQKF,inactive - virtual
161.0,AEKAKYDEIFLKT,inactive - virtual
162.0,AFFTIAAVARVLD,inactive - virtual
163.0,AFRHSVKEELNYIRRRLERFPNRL,inactive - virtual
164.0,AGDVLHNVLQMLIIESHS,inactive - virtual
165.0,AGEMVRQARILAQATSDLVNAIKADA,inactive - virtual
166.0,AGNLDIMTSAALATAERMAQSMLN,inactive - virtual
167.0,AHAIGVLLDNL,inactive - virtual
168.0,AIEKEILIEAISS,inactive - virtual
169.0,AKQEKIIIQVALNDITHVVELL,inactive - virtual
170.0,AKVVRTALEDAASVAGLLIT,inactive - virtual
171.0,ALAVAAKPFL,inactive - virtual
172.0,ALGKVIKKWGTTVAKLA,inactive - virtual
173.0,ALYGLLKEEMGEILAK,inactive - virtual
174.0,AMFEQMRANVGKLLKG,inactive - virtual
175.0,APDAEGRAIQAVYWANKWAKEQG,inactive - virtual
176.0,APDLLISLATVLYHLQQ,inactive - virtual
177.0,APEDVRKSSKEVL,inactive - virtual
178.0,APLLNFVRDFVREDAKYLYSSLV,inactive - virtual
179.0,AQTSRWAAMQIGMSFISAY,inactive - virtual
180.0,ARDEAEMEYLKIAQ,inactive - virtual
181.0,ASLPEAIEALTKG,inactive - virtual
182.0,ATLKNLGSVHVSKG,inactive - virtual
183.0,AVDTLVLALAEAT,inactive - virtual
184.0,DAAALFRLHKFLTKW,inactive - virtual
185.0,DAAGLASRHKG,inactive - virtual
186.0,DAENRDLFLALLSV,inactive - virtual
187.0,DAHAWMIGQLKGL,inactive - virtual
188.0,DALEIFKTLFSLVMRFSSYL,inactive - virtual
189.0,DAMLRTSMVATQLVGLAMMRYV,inactive - virtual
190.0,DARAKKLLDKWAKWING,inactive - virtual
191.0,DATAALALTMA,inactive - virtual
192.0,DATLISELQQM,inactive - virtual
193.0,DDADLEKFVIEY,inactive - virtual
194.0,DDETLGVLMWILDRSIH,inactive - virtual
195.0,DDETREELEELLIQA,inactive - virtual
196.0,DDRVQSHILHLEHDLVHVTRKN,inactive - virtual
197.0,DDYLKEQVLHMKQYVSDN,inactive - virtual
198.0,DEAAFQKLMSNLD,inactive - virtual
199.0,DEAGLMRELRLFRRRIMVRIAWAQTL,inactive - virtual
200.0,DEETMERIMRELKKK,inactive - virtual
201.0,DEFTKQHIVGK,inactive - virtual
202.0,DEKAFKNTYRQAMND,inactive - virtual
203.0,DEKKILKDFLIQ,inactive - virtual
204.0,DEKSIITYVSSLYDAM,inactive - virtual
205.0,DELLSKMRFAL,inactive - virtual
206.0,DEPQVQAKIMAYLQQEQSNR,inactive - virtual
207.0,DEQYREGAVRTVASFRERLDR,inactive - virtual
208.0,DERLLQKYRAQVFEWG,inactive - virtual
209.0,DEVLLALAEQLGT,inactive - virtual
210.0,DFAALAQTAHRLKGVFAMLN,inactive - virtual
211.0,DFLEEQYKGQRDLAGKASTLKK,inactive - virtual
212.0,DFPALIKQASLDALFK,inactive - virtual
213.0,DFSETINAYFVAKLL,inactive - virtual
214.0,DGALKRAEELKTQANDYFK,inactive - virtual
215.0,DGFSVLMRAMQQ,inactive - virtual
216.0,DGGGFVISKHPVRLAKKLNR,inactive - virtual
217.0,DHAVLEVLATPVREALLARFG,inactive - virtual
218.0,DIFDFMERWIEKKLEYSASH,inactive - virtual
219.0,DIHAAIEMLLG,inactive - virtual
220.0,DIIGTEITSALKNVYSIAIAWIRGYESRKN,inactive - virtual
221.0,DILREIGMIARALDSISNIEF,inactive - virtual
222.0,DIRAVLRDLSFHLNGHILHSIFWPNM,inactive - virtual
223.0,DIRTSLANDMAIYGDIIEATREHTELAENL,inactive - virtual
224.0,DIYQQVRDELKRAS,inactive - virtual
225.0,DKETMNIHHTK,inactive - virtual
226.0,DLAANNGGWQWS,inactive - virtual
227.0,DLARIEQFLDALWLE,inactive - virtual
228.0,DLEAKKMYFDAVQAIETHL,inactive - virtual
229.0,DLESDALGWQYITG,inactive - virtual
230.0,DLGRKITSALRSLSN,inactive - virtual
231.0,DLKQAESWLHKQAQKEGWSKAARLH,inactive - virtual
232.0,DLKRAESMLQQA,inactive - virtual
233.0,DLKTMTERLRS,inactive - virtual
234.0,DLQLNANAERINVYY,inactive - virtual
235.0,DLRELIARVRALIRRKS,inactive - virtual
236.0,DLSASRSAIDSLNNRMLSQIWSH,inactive - virtual
237.0,DLVDFAVEYFTRLREARRGLEHHH,inactive - virtual
238.0,DMASLQQQRQE,inactive - virtual
239.0,DMNQVLDAYEN,inactive - virtual
240.0,DNAMANQYETLANARQKGIEKYL,inactive - virtual
241.0,DNKTRFKIIKEKLKEF,inactive - virtual
242.0,DNTYLNTAESLYDEF,inactive - virtual
243.0,DNVVLQLQVARFLMKTVAQ,inactive - virtual
244.0,DPARALFAAMSQ,inactive - virtual
245.0,DPATVKKVVNFL,inactive - virtual
246.0,DPAWQGFRELIEKAL,inactive - virtual
247.0,DPEKVLFLAGNLLARLTE,inactive - virtual
248.0,DPETLEAIAEN,inactive - virtual
249.0,DPETNINIGTSYLQYVYQQF,inactive - virtual
250.0,DPKRLQASLQTIVGMVVYSW,inactive - virtual
251.0,DPLRERQVAEKQLAALGDILSA,inactive - virtual
252.0,DPLWKKEMFEKYLSN,inactive - virtual
253.0,DPQKADAVAVN,inactive - virtual
254.0,DPQKRAVVNQRLYFDMGT,inactive - virtual
255.0,DPTKLNHAVAGL,inactive - virtual
256.0,DPYVILITEILL,inactive - virtual
257.0,DQDKIQKAIAAG,inactive - virtual
258.0,DQEDVAQTIRDYD,inactive - virtual
259.0,DQGTLFELILAANYLD,inactive - virtual
260.0,DQHLMAEYRELPRVFGAVRKHVANG,inactive - virtual
261.0,DQNGEIYMWPVAQA,inactive - virtual
262.0,DQQGVFVKGYAM,inactive - virtual
263.0,DRASYEARERHVAERLLMHLEEM,inactive - virtual
264.0,DRAVIEHNLLSASKL,inactive - virtual
265.0,DRQLRSSIERVISIFQS,inactive - virtual
266.0,DRTSFDKLANS,inactive - virtual
267.0,DSEQVVHQLERLIAR,inactive - virtual
268.0,DSGYRSAMSVQSSL,inactive - virtual
269.0,DSMVVLQQRAYEILMTIME,inactive - virtual
270.0,DSSVIISALKTYLVSG,inactive - virtual
271.0,DSVASLLDVVKSTG,inactive - virtual
272.0,DSVTNDIFNVAKASIEKHIWMLQAEL,inactive - virtual
273.0,DTAFLMEQLELREELDEIEQAK,inactive - virtual
274.0,DTMKDAGMQMKKVLDS,inactive - virtual
275.0,DTRAWALAEKLFG,inactive - virtual
276.0,DVALADSFDAL,inactive - virtual
277.0,DVEAVEIMQRIHVLRSQGGFN,inactive - virtual
278.0,DVLAEDTITALLH,inactive - virtual
279.0,DVRVKEYFDDIARYFSIGLLNLIHLFG,inactive - virtual
280.0,DWGEAFTAINL,inactive - virtual
281.0,DWLKRLQKIFPPILSI,inactive - virtual
282.0,DWYRTYAELRETA,inactive - virtual
283.0,DYERFKSYIQTL,inactive - virtual
284.0,EALVHKLTERM,inactive - virtual
285.0,EAQKIDRLVQSFSGAYFQQN,inactive - virtual
286.0,EDDIMYLM,inactive - virtual
287.0,EDDSKLASRKYARIIQKI,inactive - virtual
288.0,EDKEAVFDVVDTLTAVLQVATGVISTL,inactive - virtual
289.0,EDLPKWSGYFEKLLKKN,inactive - virtual
290.0,EDMIFEIFKNYLTKVAYYARQVAEMN,inactive - virtual
291.0,EDNLLRQLAQKV,inactive - virtual
292.0,EELHTSLVEEL,inactive - virtual
293.0,EEMIAEFKAAFDMF,inactive - virtual
294.0,EERVKNGLERLKKAIKSGKQST,inactive - virtual
295.0,EESDIKYKTSKNFINKVY,inactive - virtual
296.0,EEVKKHGTTVLTALGRILKQ,inactive - virtual
297.0,EFPEMLAEIIT,inactive - virtual
298.0,EFRDLHLFLGEAAETAEEVADELAERVQAL,inactive - virtual
299.0,EGDQQLLKRVLVRKL,inactive - virtual
300.0,EGHVAAVEVLRGIHRIADMS,inactive - virtual
301.0,EGKDRELYGKLHETLKKVTEDLEA,inactive - virtual
302.0,EGNKRLDSVNSIVS,inactive - virtual
303.0,EGQQRRIRQQRLISIGKWIADNQ,inactive - virtual
304.0,EGVAWLEAVLRLLAQ,inactive - virtual
305.0,EHEIQEWYKGFLRD,inactive - virtual
306.0,EIEKFRVWISIL,inactive - virtual
307.0,EISEMVRMRERILDSIHLG,inactive - virtual
308.0,EISKLVKKMISSWKDAIN,inactive - virtual
309.0,EKETFREKFMQH,inactive - virtual
310.0,EKNSYRKLVGNLYFVYSAMEEEMAKF,inactive - virtual
311.0,EKVQYLTRSAIRR,inactive - virtual
312.0,EMNYYTVLFGVSRALGVLAQLIWSRAL,inactive - virtual
313.0,EPEEVFKSVLKEMEG,inactive - virtual
314.0,EPEKVDKLQEPLLEALRLYARRRR,inactive - virtual
315.0,EPGQRKIVMHK,inactive - virtual
316.0,EQEILRQVKKAYDRAARLG,inactive - virtual
317.0,EQEVYAQVARL,inactive - virtual
318.0,EQPSLVRTLDQLEDK,inactive - virtual
319.0,ERQEVKQMVVATLAES,inactive - virtual
320.0,ERVRAAMEKLA,inactive - virtual
321.0,ESLYESIRRRYEEL,inactive - virtual
322.0,ESPVRKILRIVFHDAI,inactive - virtual
323.0,ETNIRVALEKSFL,inactive - virtual
324.0,EVKRRFPTKLGAWALIWWLL,inactive - virtual
325.0,EVKRSVNRDFAKWFLIVFI,inactive - virtual
326.0,EVNRNFGERINDLRILILLL,inactive - virtual
327.0,EVVGRVSKLWNEWWLIV,inactive - virtual
328.0,EWQTMVAALQA,inactive - virtual
329.0,EYKYYKLKLAEMQR,inactive - virtual
330.0,FADLFDPVIQERH,inactive - virtual
331.0,FALRLRRVINRIGQAWR,inactive - virtual
332.0,FEVIDTIKAAVENA,inactive - virtual
333.0,FFSFELVESINDVKKSLR,inactive - virtual
334.0,FGLKVLGWYSEMKRNVQRLERAIEEV,inactive - virtual
335.0,FHSVAEQF,inactive - virtual
336.0,FIAVHEMLDGFRTALIDHLDTMAERAVQ,inactive - virtual
337.0,FKATIADLSKKR,inactive - virtual
338.0,FKEAIEAIAESA,inactive - virtual
339.0,FKGKIIKKVISTGAKLI,inactive - virtual
340.0,FKSIYRFFEHGLK,inactive - virtual
341.0,FKSVQNSLQRILYLWAIRH,inactive - virtual
342.0,FLDQNMLAVIDELMQAL,inactive - virtual
343.0,FLLKKLKKVATGFAKG,inactive - virtual
344.0,FLLSKAKDAKSSAEGAV,inactive - virtual
345.0,FNQRRISSAKFLGELYNY,inactive - virtual
346.0,FNRMFEKSTHHYTDSVGGILR,inactive - virtual
347.0,FPLLVDHTSREADYFRKRLIQLNEG,inactive - virtual
348.0,FPNLASAAFYWSKKEN,inactive - virtual
349.0,FPQLTQNNSRE,inactive - virtual
350.0,FSALNIAVHELSDVGRAIVRN,inactive - virtual
351.0,FSEFIQALSVTSRG,inactive - virtual
352.0,FTELQRDFLRN,inactive - virtual
353.0,FTRIIKAAG,inactive - virtual
354.0,FVPVFFVVVRRR,inactive - virtual
355.0,FYQTFFDEADELLADMEQHLLDL,inactive - virtual
356.0,GAFRKLLQSAKDN,inactive - virtual
357.0,GAGTSVNMNTNEVLANIGLELM,inactive - virtual
358.0,GAPLARMEVTLALESLFGRF,inactive - virtual
359.0,GAQYIQAAGVALGLKMR,inactive - virtual
360.0,GAVAIARVFSY,inactive - virtual
361.0,GEAEIASLKSQIRA,inactive - virtual
362.0,GEAYLLLERYVAFLRA,inactive - virtual
363.0,GEDAILKKVAEEAAETLMASKD,inactive - virtual
364.0,GEGWAKSILFN,inactive - virtual
365.0,GEKRAEEIKKILMT,inactive - virtual
366.0,GFFGWFNRMFEKSTHHYTDSVGGI,inactive - virtual
367.0,GFKNEVRTPVTKFRIVFFVV,inactive - virtual
368.0,GFMIWHPKMDEYMEEIDGYLDEMSERLITL,inactive - virtual
369.0,GFSVQRRLWLAS,inactive - virtual
370.0,GFYPMVAAQRI,inactive - virtual
371.0,GGFAAAIARRA,inactive - virtual
372.0,GGKEALAIENFADAL,inactive - virtual
373.0,GGSSGVLMSIFFTAAGQKLEQ,inactive - virtual
374.0,GHNLISLLEVLSG,inactive - virtual
375.0,GIHELAVFAEEH,inactive - virtual
376.0,GKASLRAAELYSKY,inactive - virtual
377.0,GKDAAAEEISQLLYHVQVMMVARG,inactive - virtual
378.0,GKKGPKFIQAVASLKA,inactive - virtual
379.0,GKSNMMDAISFVL,inactive - virtual
380.0,GKTTAALALARELFG,inactive - virtual
381.0,GKTTFVKRHLTG,inactive - virtual
382.0,GKTTILYRLQVG,inactive - virtual
383.0,GLEKLEESIYRE,inactive - virtual
384.0,GLFDKVKSLVPKIAKAV,inactive - virtual
385.0,GLFDVIGSQAGGAAPHFLG,inactive - virtual
386.0,GLFKLIKFAKKKSPGAF,inactive - virtual
387.0,GLGKIIGKVKKSLLKSI,inactive - virtual
388.0,GLGLVLKIAVNAFLKLVA,inactive - virtual
389.0,GLLDIAGGNAETLAGHAV,inactive - virtual
390.0,GLNAELTRYTLSLMVLERKLSSA,inactive - virtual
391.0,GLTSLMAIDKL,inactive - virtual
392.0,GLWAIAVKAGKVILKLIVFIWIRV,inactive - virtual
393.0,GLWKSLGAVVKRVEGLWVGLF,inactive - virtual
394.0,GNFADLLAHSDGLIKNISDDLRALDKLI,inactive - virtual
395.0,GNYLRAEILYRLK,inactive - virtual
396.0,GPDMTAMVALIASV,inactive - virtual
397.0,GPKDAVVKVFNQWG,inactive - virtual
398.0,GPKKAQLIVGWRELHG,inactive - virtual
399.0,GSDFLIHFIDE,inactive - virtual
400.0,GSHANEFFFRA,inactive - virtual
401.0,GTLRHAANAAFIMLEAAEL,inactive - virtual
402.0,GTTTAVIIAGGLLQQAQGLIN,inactive - virtual
403.0,GVSGLAAARQLQSF,inactive - virtual
404.0,GWQNELLLLLRYLDEN,inactive - virtual
405.0,GYKKVSKSYTGEWKKYLNSL,inactive - virtual
406.0,HAHASAIAKAYASEIAFEAANQAIQIHG,inactive - virtual
407.0,HALRTIVFELLTRH,inactive - virtual
408.0,HDKHIEIVVRQM,inactive - virtual
409.0,HDLVTDGLITLYIETK,inactive - virtual
410.0,HFGSLLLLAAWLAEN,inactive - virtual
411.0,HGLVKAGHPLKRKLGH,inactive - virtual
412.0,HHKAYVDGANTALDKLAEARDK,inactive - virtual
413.0,HKEMAKAFEEW,inactive - virtual
414.0,HLDLINMMSRLAREELVHHEQVLRLMKRR,inactive - virtual
415.0,HMKMRSQLLIVLQEHLRN,inactive - virtual
416.0,HPAFIAHADRVLGGLDIAIST,inactive - virtual
417.0,HPFYQALGQLARLTLAQWQAQL,inactive - virtual
418.0,HQAAMQMLKETINEEAAEWDRLH,inactive - virtual
419.0,HSATRAAMLVRINT,inactive - virtual
420.0,HSDWISNANKVRVIYWQMT,inactive - virtual
421.0,HSRRGLLKMVGKRRRLLAYLRNK,inactive - virtual
422.0,HTFLDDIVGAIAAAAASRLAHSYHD,inactive - virtual
423.0,HVVDEKARLIYED,inactive - virtual
424.0,HWDKVADMVANFAHEIDTYG,inactive - virtual
425.0,IAMVNGLMGVLDKLAHLIDE,inactive - virtual
426.0,IASEFKNIATNS,inactive - virtual
427.0,IDDLRVIARENLERRRK,inactive - virtual
428.0,IDDSVNNLIPFMQKH,inactive - virtual
429.0,IEEATEFYENDV,inactive - virtual
430.0,IEFRKAFLKIL,inactive - virtual
431.0,IGVQQHADKVQRALGEAIDD,inactive - virtual
432.0,IHNVVGKL,inactive - virtual
433.0,IKPLNNFAAEVGKIRDS,inactive - virtual
434.0,IMELLGTVIQHEGIHQGQYYVALKQSG,inactive - virtual
435.0,IPAAKINWDRDIEYMAGILEN,inactive - virtual
436.0,IPAVANWIKRR,inactive - virtual
437.0,IPEAKSFYGFQIMIENIHSETYSLLIDTYI,inactive - virtual
438.0,IRVNATKAYEMAL,inactive - virtual
439.0,KDAENHKAYLKSH,inactive - virtual
440.0,KDFETLKVDFLSKLPEMLKMFEDRL,inactive - virtual
441.0,KDTVIEDIIDKTFEEAD,inactive - virtual
442.0,KEDIHRSLVEELTKISAKEK,inactive - virtual
443.0,KEEGYFYFRSRLSQ,inactive - virtual
444.0,KEEVQKVLEDA,inactive - virtual
445.0,KEIAEKMVEGRMKKFTGEV,inactive - virtual
446.0,KFLKKWEGIWATFKPALSAVV,inactive - virtual
447.0,KFLRFILKWFKVIFQ,inactive - virtual
448.0,KFLTKLKNIVANIRIWWVILL,inactive - virtual
449.0,KGQEYINNIHL,inactive - virtual
450.0,KHFDFLAEFNAKAND,inactive - virtual
451.0,KHHAAYVNNLNNALKK,inactive - virtual
452.0,KIPDDLQADFNKFR,inactive - virtual
453.0,KKAEAVATVVAAVDQARVR,inactive - virtual
454.0,KKDVKLILDTILETITEALAK,inactive - virtual
455.0,KKEELQRSLNILTAF,inactive - virtual
456.0,KKQELLEALTKHFQ,inactive - virtual
457.0,KKTAERLIVEMKDRFKG,inactive - virtual
458.0,KKVKGYKRALTE,inactive - virtual
459.0,KLDSRFDNNLGKFRFVLLLFV,inactive - virtual
460.0,KLEEKFPQVAAT,inactive - virtual
461.0,KLKELALIFISNLVAN,inactive - virtual
462.0,KNIKRNVEKIIAQWDERTRK,inactive - virtual
463.0,KPEEVEQIKLYVMSREYEDYMAR,inactive - virtual
464.0,KPEQYNIVGEHLLATLDEMFS,inactive - virtual
465.0,KPQELLSLIIERFE,inactive - virtual
466.0,KPQERADLISYLKEATS,inactive - virtual
467.0,KPWLSVILFLIRERSR,inactive - virtual
468.0,KQAEAEEFVQTLGQSLA,inactive - virtual
469.0,KQLTAIAALAE,inactive - virtual
470.0,KREIIHAVLTGLALDQLAEQ,inactive - virtual
471.0,KREVQNAILTGIQLDKLAED,inactive - virtual
472.0,KSEALAKMWGQRK,inactive - virtual
473.0,KTASTGFAELLKDRREQV,inactive - virtual
474.0,KTFRTTFKTLL,inactive - virtual
475.0,KVAEFERLFRQAAG,inactive - virtual
476.0,KVNRAVAAEIRNWTWVFLIW,inactive - virtual
477.0,KVRETREILDIIDTVYNS,inactive - virtual
478.0,KVRGLIEIISN,inactive - virtual
479.0,KVSDILTVAIRLEEEGERFYRELS,inactive - virtual
480.0,KVVDNFENILII,inactive - virtual
481.0,KVWKGVKTIIADVWQV,inactive - virtual
482.0,KWEAEKIHIGFRQAY,inactive - virtual
483.0,KWVRIWIKVLRGLFVWVWFF,inactive - virtual
484.0,KYDHFAGRAYVRLHQD,inactive - virtual
485.0,LADLQEQLYNG,inactive - virtual
486.0,LDAYINLGNVLKEA,inactive - virtual
487.0,LDEAATRSKAWMVDALA,inactive - virtual
488.0,LEARMKQFKDMLLER,inactive - virtual
489.0,LEEFDKVSKNVD,inactive - virtual
490.0,LEPIKAWIEKR,inactive - virtual
491.0,LEQVEFKLNQLLENL,inactive - virtual
492.0,LHDAIHMAADNAV,inactive - virtual
493.0,LKRAEALIHLANAALE,inactive - virtual
494.0,LKYVGMVLNEALRLW,inactive - virtual
495.0,LLNIRREFIEKY,inactive - virtual
496.0,LLPALLQQIGREN,inactive - virtual
497.0,LLTEVETYVLSI,inactive - virtual
498.0,LMEPVREAAGRLADA,inactive - virtual
499.0,LMGHQKKILGSIQTMRAQLT,inactive - virtual
500.0,LNNFSRYFLHQSREETEHAEKLMRLQNQRG,inactive - virtual
501.0,LPEDQELLFQSASLELFVLRLAYRA,inactive - virtual
502.0,LPHFYELFSLWA,inactive - virtual
503.0,LPIHYKLSQEFFLKAYEN,inactive - virtual
504.0,LQAPLQRRILEIGKKH,inactive - virtual
505.0,LQMEFKYLAYLTG,inactive - virtual
506.0,LQNAIIEFYTEYY,inactive - virtual
507.0,LQWYVSEQHEEEALFRGIVDKIKLIG,inactive - virtual
508.0,LREIVENMIKSSLERAIAAY,inactive - virtual
509.0,LRSWFRERLIAHRLASVNL,inactive - virtual
510.0,LRTYFMERLRHYRQLSL,inactive - virtual
511.0,LSTVSNFFMNA,inactive - virtual
512.0,LVGALMHVMQKRSR,inactive - virtual
513.0,LVLPIAQALKVLG,inactive - virtual
514.0,MEALKKQILQI,inactive - virtual
515.0,MEKLNQLWEKAQRLH,inactive - virtual
516.0,MLEEYRKHVAERAAE,inactive - virtual
517.0,MPEVFNYLGIYLTQA,inactive - virtual
518.0,MPGTATHTVKMFS,inactive - virtual
519.0,MPYTDAVVHEVQRYID,inactive - virtual
520.0,MTDQQAEARAF,inactive - virtual
521.0,MVFKQMEQVAQFLKAAEDY,inactive - virtual
522.0,MYSNRMRSYKQEMGKLETDFKRSRI,inactive - virtual
523.0,NAAGWDLLLTLYRSA,inactive - virtual
524.0,NAAQLDALAHALLEIPRFSYATR,inactive - virtual
525.0,NAGQANEFFNEFWS,inactive - virtual
526.0,NAKIARINELAAKAKAGV,inactive - virtual
527.0,NAKYVAEATGNFITVMDALKL,inactive - virtual
528.0,NASRTVGVVAALL,inactive - virtual
529.0,NDAEVKKIAAQYGKD,inactive - virtual
530.0,NDEETVALTAGGHT,inactive - virtual
531.0,NEEVRIEAIIGLSYR,inactive - virtual
532.0,NEQDLGIQYKALKPEVDKLNIMAAKRQQEL,inactive - virtual
533.0,NEYIMSLISDN,inactive - virtual
534.0,NFKDVIETAKKVMNF,inactive - virtual
535.0,NGETFLTELLD,inactive - virtual
536.0,NGLEVVKALAQG,inactive - virtual
537.0,NIDEIERKIDEAIEKE,inactive - virtual
538.0,NIDSYLNAVNIINIFKIIG,inactive - virtual
539.0,NIEQLWRDYNKYEEGIN,inactive - virtual
540.0,NILKQIFKLLQA,inactive - virtual
541.0,NINELFIEISRRI,inactive - virtual
542.0,NIPKHTHRFFILVLEI,inactive - virtual
543.0,NKDQWEERIQVWHEEH,inactive - virtual
544.0,NKEEMMDIVKAIYDMMG,inactive - virtual
545.0,NKLVDRWLHVRKHLLVAYYNLVG,inactive - virtual
546.0,NKQADSIKQMEERNKKRVENFKKTG,inactive - virtual
547.0,NKRAVDWAMRAAMAL,inactive - virtual
548.0,NKSVGAVYAILYLS,inactive - virtual
549.0,NLDSIQEELADVIAWTVSIANLEG,inactive - virtual
550.0,NLEQTARRWLEERG,inactive - virtual
551.0,NLESEIHTVLKHLVENN,inactive - virtual
552.0,NLFDHFSAVAQRL,inactive - virtual
553.0,NLFPIVFGVIFDA,inactive - virtual
554.0,NLLYDIVKENG,inactive - virtual
555.0,NLNQSIDNFVNMAFFA,inactive - virtual
556.0,NLSTLAALVAAAG,inactive - virtual
557.0,NLTQLKASFAVQ,inactive - virtual
558.0,NLVADMRFNVVRESEARLQVSRLYS,inactive - virtual
559.0,NNAITKGFTALEKLLV,inactive - virtual
560.0,NPAAEKMQVLQVLDRLRGKLQEKG,inactive - virtual
561.0,NPAQYLAQHEQLL,inactive - virtual
562.0,NPARALYQTVRELIENSLDA,inactive - virtual
563.0,NPEILLARVKRFLERE,inactive - virtual
564.0,NPERVLLQLKYRYDVEI,inactive - virtual
565.0,NPGQAIWLGEFSKRH,inactive - virtual
566.0,NPMIIEGQIHGGLTEGYAVAMG,inactive - virtual
567.0,NPQVLADIGAEAT,inactive - virtual
568.0,NPRWIGRHKHMFNFLD,inactive - virtual
569.0,NPVLQQHFRNLEALAL,inactive - virtual
570.0,NQDELEGYNLFKGSG,inactive - virtual
571.0,NQPFALEMIKSRQKKD,inactive - virtual
572.0,NQRALLKSLQDYRQHLDQLITLISN,inactive - virtual
573.0,NREANLQALIATG,inactive - virtual
574.0,NRKMAMGRKKFNMD,inactive - virtual
575.0,NSDQDAGIAIIRRAL,inactive - virtual
576.0,NSNHQMLLVQQAEDKIKELLNT,inactive - virtual
577.0,NSNTFLTRLLVHM,inactive - virtual
578.0,NSREREMFVQEVRRYY,inactive - virtual
579.0,NSSDSIDWLTSM,inactive - virtual
580.0,NSVLRAVAEVYA,inactive - virtual
581.0,NTDTLERVTEIFKALG,inactive - virtual
582.0,NTEKLLKTVPIIQNQMDALLD,inactive - virtual
583.0,NTPEAYSVLFDMAREVNRLKAED,inactive - virtual
584.0,NVGKAWAEDVLALVKH,inactive - virtual
585.0,NVKDLADAAKRT,inactive - virtual
586.0,NVKDVTKLVAN,inactive - virtual
587.0,NWDDMEKIWHHTFYN,inactive - virtual
588.0,NYAHLNRGIALYYG,inactive - virtual
589.0,NYEEIYILNHILR,inactive - virtual
590.0,NYEKFSETKERLLEKF,inactive - virtual
591.0,PAERYYRDARIT,inactive - virtual
592.0,PALDILKALVDNLYVEN,inactive - virtual
593.0,PATSRKIFKYIRELDE,inactive - virtual
594.0,PDEVSALRRTTEKNTTTLINLAKQH,inactive - virtual
595.0,PDFRKAFKRLL,inactive - virtual
596.0,PDIKAQYQQRWL,inactive - virtual
597.0,PDYREVMETFQE,inactive - virtual
598.0,PEALTVAATEVRRIRDRAIQSDAQVAPMTT,inactive - virtual
599.0,PEDFANHLFTVFD,inactive - virtual
600.0,PEKEAVTLGIKALKSSL,inactive - virtual
601.0,PEVQIAILTEQINNLNEHLRV,inactive - virtual
602.0,PEYEHLYTELTGTIVLLIES,inactive - virtual
603.0,PGLRRAWKRLQ,inactive - virtual
604.0,PGRIQRVARGS,inactive - virtual
605.0,PIAFIHKAI,inactive - virtual
606.0,PIDIDYMISDTLELLR,inactive - virtual
607.0,PIEAFLRLNEELEERG,inactive - virtual
608.0,PIKFIRKA,inactive - virtual
609.0,PKAYAQHVFRS,inactive - virtual
610.0,PKPLVSFFQSLLQLVNHDLLEQQN,inactive - virtual
611.0,PLEELFLEQLEA,inactive - virtual
612.0,PLGRLIHMVNQKKDRLLNEYLS,inactive - virtual
613.0,PLTKGILGFVFTLT,inactive - virtual
614.0,PNDMSRIFNIVKESL,inactive - virtual
615.0,PNGPTHAPWLLAHKIQ,inactive - virtual
616.0,PQHERDVIYEEES,inactive - virtual
617.0,PQSYAMAIARQESA,inactive - virtual
618.0,PQYALELLTVYAWEQGS,inactive - virtual
619.0,PQYSQARVMLVKTISMISIVDDTFDA,inactive - virtual
620.0,PRESFAVLASALALMAAVFERLAVEIRELS,inactive - virtual
621.0,PRRQQSLALRWLVQAANQ,inactive - virtual
622.0,PSALIDQEINVLRQQAAQRF,inactive - virtual
623.0,PSDQQNEMVRE,inactive - virtual
624.0,PSFFRLHKYMDNIFKKHTD,inactive - virtual
625.0,PSSQIVGTQAVFNVMMG,inactive - virtual
626.0,PSVVANTVKGG,inactive - virtual
627.0,PTKEREQVIAHLGL,inactive - virtual
628.0,PTLLDLFAEDIGHANQLLQLVDEEFQALER,inactive - virtual
629.0,PVSDTMDMLTKL,inactive - virtual
630.0,PWTQRFFESFG,inactive - virtual
631.0,QAGNYASMFWLT,inactive - virtual
632.0,QAKEVLKQHFEKS,inactive - virtual
633.0,QARVWVARAVSEHQRFTA,inactive - virtual
634.0,QASTGSLLNILR,inactive - virtual
635.0,QDDVLEALSAAVR,inactive - virtual
636.0,QDELVWGAYWLYKAT,inactive - virtual
637.0,QDLLDRVLAAHAYWSQ,inactive - virtual
638.0,QEWVELMVEAKE,inactive - virtual
639.0,QFRRGANFKFELGEILEND,inactive - virtual
640.0,QFSRQMLDRKLLLG,inactive - virtual
641.0,QGLAEKIFWSLK,inactive - virtual
642.0,QHLAKLEMKIFFEEL,inactive - virtual
643.0,QIKQTNAGAVYRLIDQLG,inactive - virtual
644.0,QINEMHLLIQQAR,inactive - virtual
645.0,QIPRIAREKIRGLTEYF,inactive - virtual
646.0,QLEESMLYSLN,inactive - virtual
647.0,QLLRGVGAAATAVTQALNELLQHVKA,inactive - virtual
648.0,QLVDRLDQSWQYYQDRLMA,inactive - virtual
649.0,QLVSFLIRLLKVWIRVVI,inactive - virtual
650.0,QMSFWGATVITGLFG,inactive - virtual
651.0,QPNAILEKVFTA,inactive - virtual
652.0,QRAFLKLYMITMTE,inactive - virtual
653.0,QTREHLLLARQI,inactive - virtual
654.0,QVIAKWGAWVKRIEAKFRSL,inactive - virtual
655.0,QVIEVLNKQVADWSVLFTKLHNFHWYV,inactive - virtual
656.0,QVTQELRALMDETMKELKAYKSELEE,inactive - virtual
657.0,RAAAIEQLKIWGERVG,inactive - virtual
658.0,RDIPELAQLQSEILDAIW,inactive - virtual
659.0,REEEKEALRFAEAQ,inactive - virtual
660.0,REEIYQAFEAIYPVLSEF,inactive - virtual
661.0,REGFLSPLKAYLI,inactive - virtual
662.0,RFESAVETLLDIESQLEDL,inactive - virtual
663.0,RFLIRVYHPLLLKVL,inactive - virtual
664.0,RFLKRVQPLVNRWLLLI,inactive - virtual
665.0,RFSGKVREDLTKIVWVFFW,inactive - virtual
666.0,RFVPRWRTVVGQFKRDILVIFLW,inactive - virtual
667.0,RGEQMKGHAATIEDQVRRMIA,inactive - virtual
668.0,RGFRGWWLASTILLLVAEK,inactive - virtual
669.0,RGQLIREAYED,inactive - virtual
670.0,RHSDNINKFLDFIHGI,inactive - virtual
671.0,RIENGLRKRLQSIYRHLEE,inactive - virtual
672.0,RILKNFDSWWGKVIVIL,inactive - virtual
673.0,RILQWIIRLLLIVWW,inactive - virtual
674.0,RIWARLQGVFRVVFWL,inactive - virtual
675.0,RKQSLEQDLQFYYG,inactive - virtual
676.0,RLDEAEASARSGIEVL,inactive - virtual
677.0,RLFEQASRLAEHY,inactive - virtual
678.0,RLKSGWRDALKQIVFFFFL,inactive - virtual
679.0,RLLGKWSAILKNVRFFFFWL,inactive - virtual
680.0,RLVVLEALTNFLNH,inactive - virtual
681.0,RLWTQWQAIVQEIRFLWLLL,inactive - virtual
682.0,RMDEVRTLQENLRQLQDEYDQQQT,inactive - virtual
683.0,RNEVVSLMQANG,inactive - virtual
684.0,RPEDKSKIVAEIR,inactive - virtual
685.0,RPEVQDALSAE,inactive - virtual
686.0,RPQLRNLLHEK,inactive - virtual
687.0,RPRIIAAIWHYVKAR,inactive - virtual
688.0,RRQELEEFSAALARR,inactive - virtual
689.0,RVIEGIKNVIPKLLTWWP,inactive - virtual
690.0,RVNAAIPNIIV,inactive - virtual
691.0,RVWRWIVKWWLFV,inactive - virtual
692.0,RYGWRTAVDYSWFG,inactive - virtual
693.0,SAATADFVAMTAMAARIF,inactive - virtual
694.0,SAAWAEWQKAR,inactive - virtual
695.0,SAEEMVQTLVNDYSALIQELKEGMEVAGEA,inactive - virtual
696.0,SANNIIEEIQMQK,inactive - virtual
697.0,SASSQNAWLAANRN,inactive - virtual
698.0,SAVKVLAEESK,inactive - virtual
699.0,SDEFNTVADNLVTFGDSFLQVILDHI,inactive - virtual
700.0,SDELSRAWEVAYDELAAAIK,inactive - virtual
701.0,SDIFNKNMRAHALEK,inactive - virtual
702.0,SDIKKLGSSWIINWFFG,inactive - virtual
703.0,SDSEISTILSDVVTNER,inactive - virtual
704.0,SDWYLKGRLTSLESQFINALGILET,inactive - virtual
705.0,SEAAKAYMKGLEYQMSGNEQWSKT,inactive - virtual
706.0,SEEEENNVIEQAKEEIKEAIKKADET,inactive - virtual
707.0,SEELNSAWTIAYDELAIVIKKEMDDA,inactive - virtual
708.0,SEERIRSGVKRLSKSRQ,inactive - virtual
709.0,SEEVLAMVSRKM,inactive - virtual
710.0,SEEYIQLLKKLI,inactive - virtual
711.0,SEREAVEIIKKN,inactive - virtual
712.0,SESAVSHQLRSLRNL,inactive - virtual
713.0,SESKLIEQAFR,inactive - virtual
714.0,SFADFKAQFTDAAIKN,inactive - virtual
715.0,SFDRVMNAIEEN,inactive - virtual
716.0,SFSRIISELGTRD,inactive - virtual
717.0,SGARRVRIAQTLTEN,inactive - virtual
718.0,SGDELYELLQHILKQRDHHHHH,inactive - virtual
719.0,SGPAYVFYLLDALQNAAIRQ,inactive - virtual
720.0,SGRFWKLYIEAEIKA,inactive - virtual
721.0,SGTIKAAHEVLMEMG,inactive - virtual
722.0,SHAQDIYKEAFNSAWDQY,inactive - virtual
723.0,SIDEKYEAEVKKSEIDHHK,inactive - virtual
724.0,SIERLLEMESL,inactive - virtual
725.0,SIPHLANLLIERSQ,inactive - virtual
726.0,SISRYKTIEWLNYIATEL,inactive - virtual
727.0,SKDALMLEAFEQLLGKRRELLGE,inactive - virtual
728.0,SKDLAQTSYFMATNSLHLT,inactive - virtual
729.0,SKEDIDTAMKLGAG,inactive - virtual
730.0,SKEDVERVKLRINLARNWVKKY,inactive - virtual
731.0,SKEEQRDYVFYLAVGNYRL,inactive - virtual
732.0,SKIQKELVAIMN,inactive - virtual
733.0,SKPIQNVESGFIFALVS,inactive - virtual
734.0,SKYLKSLLSLM,inactive - virtual
735.0,SKYRLTVVVAKRAQQLLRH,inactive - virtual
736.0,SLAEALGWLFVSEGS,inactive - virtual
737.0,SLEQQFSIRSFATQVQNM,inactive - virtual
738.0,SLESLIDMITSI,inactive - virtual
739.0,SLKDQLALAIGKLG,inactive - virtual
740.0,SLLPTLSAIAEL,inactive - virtual
741.0,SLPEMFDKMRPYYEESKKRVKE,inactive - virtual
742.0,SMDHRIERLEYYIQLLVK,inactive - virtual
743.0,SNEQRQDIAFAYQRRTK,inactive - virtual
744.0,SNEVMRILISRSLLQE,inactive - virtual
745.0,SNTELQAVDGRFKRAVASMEAARALTNN,inactive - virtual
746.0,SPAEVRDLDFANDASKVLGSIAGKLEK,inactive - virtual
747.0,SPAQAEALGVWRRYRAYFDA,inactive - virtual
748.0,SPAVIDYVNRLEEIRDNV,inactive - virtual
749.0,SPAVQMKIKELYRRR,inactive - virtual
750.0,SPEEAAALVDGLR,inactive - virtual
751.0,SPEEKEEWMKSIKASISR,inactive - virtual
752.0,SPEHRQELIER,inactive - virtual
753.0,SPEIASGLKKLIRE,inactive - virtual
754.0,SPEQMQVLLDQAG,inactive - virtual
755.0,SPEVVVARGEQE,inactive - virtual
756.0,SPKEAYAYLEKLRSIIQYTG,inactive - virtual
757.0,SPKESEVLRLFAEG,inactive - virtual
758.0,SPKSTYSYWASVLN,inactive - virtual
759.0,SPSKSLQMILRRALGDFENMLAD,inactive - virtual
760.0,SPVVIKKRIEGLIER,inactive - virtual
761.0,SQESINQLVYMG,inactive - virtual
762.0,SQRQRDELNRAIADYLRSN,inactive - virtual
763.0,SRAITQYIAHR,inactive - virtual
764.0,SRAKASFDTRVAAAELALNR,inactive - virtual
765.0,SRDLQEKYERHMEKLIELANKEVERT,inactive - virtual
766.0,SRKALTEGNIMAVQAMAYFKELIQKRKRH,inactive - virtual
767.0,SRPLHISTFINELDSGFRLL,inactive - virtual
768.0,SRWGVLILVAL,inactive - virtual
769.0,SSAVSRIISKLKQ,inactive - virtual
770.0,SSQNWQRFYQLTKLLDSMHEVVENLL,inactive - virtual
771.0,SSREWFSTLYRLFIG,inactive - virtual
772.0,STATFYDAKKFLIQE,inactive - virtual
773.0,STEVVALSRLQGSLQDMLWQLDLS,inactive - virtual
774.0,STLVQTPALRAVGNIV,inactive - virtual
775.0,STLVSVAVALAAYKTG,inactive - virtual
776.0,SVADHSYRVAFITLLLAEELKKK,inactive - virtual
777.0,SVEGLQEFVKNLVGYYI,inactive - virtual
778.0,SVEKKVPLLHNFHSFL,inactive - virtual
779.0,SVEVAELWSTFMQKWIAYTAAVIDAERDR,inactive - virtual
780.0,SVLENHHLAVGFKL,inactive - virtual
781.0,SVNSEIYQRVMESFKKEG,inactive - virtual
782.0,SVPYFIENLKQHIEMN,inactive - virtual
783.0,SVRKVFHLVRIKQVAWANEG,inactive - virtual
784.0,SVSRAAITAAY,inactive - virtual
785.0,SVSSIKQAVDFLSNE,inactive - virtual
786.0,SVTELITKAVSA,inactive - virtual
787.0,SVTKILQRFEDAGG,inactive - virtual
788.0,SVWASISSYLDELTEGL,inactive - virtual
789.0,SWQSLKDRYLKHL,inactive - virtual
790.0,SYKDLFLELYGKIKD,inactive - virtual
791.0,TAAQELMIQQLVAAQLQ,inactive - virtual
792.0,TAEQRREMLEAKRKQIINFISRN,inactive - virtual
793.0,TAESFYNQGIRLSFEQWG,inactive - virtual
794.0,TAHEAVLDFLTGRVEVFT,inactive - virtual
795.0,TAKQIQAAYLLVENELM,inactive - virtual
796.0,TAPEMTALVGGMRVLG,inactive - virtual
797.0,TDAEAKQLAQWILS,inactive - virtual
798.0,TDKQFENRLNDNLEELIQ,inactive - virtual
799.0,TDLEILALLIAALSH,inactive - virtual
800.0,TDQQKVSEIFQSSKEKLQGDAKVVSDAFK,inactive - virtual
801.0,TEAKKEELLRKLNILEVF,inactive - virtual
802.0,TEEEMLQAAHITAKLAQAAET,inactive - virtual
803.0,TEKGKEIFGEILSNFESLLKSVLEK,inactive - virtual
804.0,TEQDIIDLKFAIAD,inactive - virtual
805.0,TEQNFQLAKQIQSQWKEFG,inactive - virtual
806.0,TEREQALAAYAEKLTRH,inactive - virtual
807.0,TESMKTVRIREKIKKFL,inactive - virtual
808.0,TETQIRELLFDLELAYKSFYALL,inactive - virtual
809.0,TEVYQILNRVS,inactive - virtual
810.0,TFPDKALKGKKSIENIVV,inactive - virtual
811.0,TFPEWHRLYTVQFEDALRRH,inactive - virtual
812.0,TFPNWHRLLTKQMEDALVAK,inactive - virtual
813.0,TFSQVLDDLSARFI,inactive - virtual
814.0,TGALRTQYDVSLMTVKS,inactive - virtual
815.0,THAEMLHALKERY,inactive - virtual
816.0,THNKLLKNVAFMKSYILEKVKEHQES,inactive - virtual
817.0,TIEEFHSKLQEATN,inactive - virtual
818.0,TIQSRFNYAWGLIKS,inactive - virtual
819.0,TISLGVSIAHVMEAVE,inactive - virtual
820.0,TITEMVFLAEVYKSGG,inactive - virtual
821.0,TIVELVVRVWRWFLVIWVLW,inactive - virtual
822.0,TKDEFMSGEPIFTKYFQNLV,inactive - virtual
823.0,TKDEQVEGLLA,inactive - virtual
824.0,TKGEREMIVVATSAAN,inactive - virtual
825.0,TKIWLNAARRTGKVPARIRKL,inactive - virtual
826.0,TLDQMRSRLAYDG,inactive - virtual
827.0,TLEDYVRYVTLDM,inactive - virtual
828.0,TLIREWGDAVFDIF,inactive - virtual
829.0,TMEGKFKAVAEDVAQRYMT,inactive - virtual
830.0,TMVQAITDALRIELKND,inactive - virtual
831.0,TNDEIFSILKD,inactive - virtual
832.0,TPAKALKSAIHVAYILKK,inactive - virtual
833.0,TPDQQTLLHFIMDSYN,inactive - virtual
834.0,TPEEVKKHYEILVEDIKYIESG,inactive - virtual
835.0,TPEEYQTYVAQVDK,inactive - virtual
836.0,TPEKMGEMAQKFRE,inactive - virtual
837.0,TPEKRVDRIFAMMD,inactive - virtual
838.0,TPERLEKLVKEVL,inactive - virtual
839.0,TPETITHYLETVNHAM,inactive - virtual
840.0,TPEVVKERLLS,inactive - virtual
841.0,TPLGIGITDYYIR,inactive - virtual
842.0,TPQDIADRERIFKRFD,inactive - virtual
843.0,TPSDIKELRDAMAKVQAD,inactive - virtual
844.0,TPVYRTAIRYYLQMLF,inactive - virtual
845.0,TPWSKGFLASSYASR,inactive - virtual
846.0,TPYDAKGLLISAIRD,inactive - virtual
847.0,TQAQETQGQAAARAAAADLAAG,inactive - virtual
848.0,TQDLRSHLVHKLVQAIF,inactive - virtual
849.0,TQGLLSEILRK,inactive - virtual
850.0,TQGMQNAMGERFAQYALSSEKLY,inactive - virtual
851.0,TQSDVYAMVGYIHELW,inactive - virtual
852.0,TRELAYMIKKA,inactive - virtual
853.0,TRTQRRIAVVEFIFSLL,inactive - virtual
854.0,TSAQTKVVVDA,inactive - virtual
855.0,TSFDEYVAELDSK,inactive - virtual
856.0,TSHLMGMFYRTIRMMEN,inactive - virtual
857.0,TTDEINAMDKALILYT,inactive - virtual
858.0,TTGNFEKLFVALVEYMRAS,inactive - virtual
859.0,TVEEVNALKNEILKAHA,inactive - virtual
860.0,TVFGTALNYVSLRIL,inactive - virtual
861.0,TVLAALFLAGS,inactive - virtual
862.0,TYYAKDIAFQFWKM,inactive - virtual
863.0,VADIAKLKVNIIKNVRII,inactive - virtual
864.0,VADPVAAFKWRAQ,inactive - virtual
865.0,VDDNLYPQLERASRKIFEFLERE,inactive - virtual
866.0,VEAIEALLKGN,inactive - virtual
867.0,VFWPTMLKAAG,inactive - virtual
868.0,VGVLLQLLVQA,inactive - virtual
869.0,VGYETAAKLAREAYLTG,inactive - virtual
870.0,VHVLADAFKRYLLD,inactive - virtual
871.0,VIDPLHTHLTRLVAAYTG,inactive - virtual
872.0,VKYAVFEAALTKAITAMSEVQKVSQ,inactive - virtual
873.0,VLSFKTGIISL,inactive - virtual
874.0,VMELLTKTLGWDIQEELNKLT,inactive - virtual
875.0,VMGQNLILNMND,inactive - virtual
876.0,VMPSLLQAFDLTA,inactive - virtual
877.0,VMQWVIRILGGGLQKAL,inactive - virtual
878.0,VNFLVADALKQHRHRRDDVIVMLSAR,inactive - virtual
879.0,VNQFLDYLQEFLGVMNT,inactive - virtual
880.0,VPMQRVLKYHLLLQELVK,inactive - virtual
881.0,VQEVNRFIKAFEEMKALMKSL,inactive - virtual
882.0,VSDARSAITSAQELLDS,inactive - virtual
883.0,VWHYALWSLIQQSEILFAQ,inactive - virtual
884.0,VYGPFWKNWQAQ,inactive - virtual
885.0,WATLLAQWADRAL,inactive - virtual
886.0,WDDIRNDLFRIQNDLFVLGEDVST,inactive - virtual
887.0,YAKGALQYLVPILTQTLT,inactive - virtual
888.0,YDDIIEAAGELG,inactive - virtual
889.0,YDLLKDLEEGIQTLMGRL,inactive - virtual
890.0,YEDKAVELYSRTAR,inactive - virtual
891.0,YETLEFLGDALVNFFIVDLLVQYS,inactive - virtual
892.0,YFSKGIPNVLRR,inactive - virtual
893.0,YGSIGLTNFGYLDKE,inactive - virtual
894.0,YKEPLKAVVKKLLEKE,inactive - virtual
895.0,YKKFRQLIQVN,inactive - virtual
896.0,YLADLFLAPQIHGAINRFQ,inactive - virtual
897.0,YLDKEVKLIKKMGNHLTNLRRVA,inactive - virtual
898.0,YLSESVETIKKLGDHITSLKKLW,inactive - virtual
899.0,YPIVDAAMRQLTETG,inactive - virtual
900.0,YQNIVKAVQYAARKLQ,inactive - virtual
901.0,YQQQKKYLGRMTE,inactive - virtual
